id,sku,ref,name,description,image,brand_id,category_id,unit,price,stock_quantity,min_stock,barcode,qr_code,created_at,updated_at
1,DEPRAG-3DPROA1T20MM,3DPROA1T20MM,3D pro A1 T20mm,,,1,1,piece,0,0,1,,,2025-10-23 07:24:04,2025-10-24 07:24:04
2,DEPRAG-3DPROA1T22MM,3DPROA1T22MM,3D pro A1 T22mm,,,1,1,piece,0,0,1,,,2025-10-24 07:24:04,2025-10-25 07:24:04
3,DEPRAG-3DPROA1T25MM,3DPROA1T25MM,3D pro A1 T25mm,,,1,1,piece,0,4,1,,,2025-10-25 07:24:04,2025-10-26 07:24:04
4,DEPRAG-3DPROA2T16MM,3DPROA2T16MM,3D pro A2 T16mm,,,1,1,piece,0,0,1,,,2025-10-26 07:24:04,2025-10-27 07:24:04
5,DEPRAG-3DPROA2T20MM,3DPROA2T20MM,3D PRO A2 T20mm,,,1,1,piece,0,0,1,,,2025-10-27 07:24:04,2025-10-28 07:24:04
6,DEPRAG-3DPROA2T22MM,3DPROA2T22MM,3D pro A2 T22mm,,,1,1,piece,0,0,1,,,2025-10-28 07:24:04,2025-10-29 07:24:04
7,DEPRAG-3DPROA2T30MM,3DPROA2T30MM,3D pro A2 T30mm,,,1,1,piece,0,0,1,,,2025-10-29 07:24:04,2025-10-30 07:24:04
8,DEPRAG-3DPROA2T25MM,3DPROA2T25MM,3D pro A2 T25mm,,,1,1,piece,0,1,1,,,2025-10-30 07:24:04,2025-10-31 07:24:04
9,DEPRAG-3DPROA3T25MM,3DPROA3T25MM,3D pro A3 T25mm,,,1,1,piece,0,1,1,,,2025-10-31 07:24:04,2025-11-01 07:24:04
10,DEPRAG-3DPROA3T20MM,3DPROA3T20MM,3D pro A3 T20mm,,,1,1,piece,0,0,1,,,2025-11-01 07:24:04,2025-11-02 07:24:04
11,DEPRAG-3DPROA3T22MM,3DPROA3T22MM,3D pro A3 T22mm,,,1,1,piece,0,1,1,,,2025-11-02 07:24:04,2025-11-03 07:24:04
12,ZAHNDENT-3DPROB118MM,3DPROB118MM,3D pro B1 18mm,,,2,1,piece,0,0,1,,,2025-11-03 07:24:04,2025-11-04 07:24:04
13,DEPRAG-3DPROB120MM,3DPROB120MM,3D PRO B1 20mm,,,1,1,piece,0,1,1,,,2025-11-04 07:24:04,2025-11-05 07:24:04
14,DEPRAG-3DPROB2T20MM,3DPROB2T20MM,3D pro B2 T20mm,,,1,1,piece,0,3,1,,,2025-11-05 07:24:04,2025-11-06 07:24:04
15,ZAHNDENT-HTPLUSWHITE16MM,HTPLUSWHITE16MM,HT Plus White 16mm,,,2,1,piece,0,1,1,,,2025-11-06 07:24:04,2025-11-07 07:24:04
16,DEPRAG-SHTMLA130MM,SHTMLA130MM,SHT ML A1 30mm,,,1,1,piece,0,0,1,,,2025-11-07 07:24:04,2025-11-08 07:24:04
17,NEOBIOTECH-ZIRCONIABLOCKSA18,ZIRCONIABLOCKSA18,zirconia block SA 18,,,3,1,piece,0,2,1,,,2025-11-08 07:24:04,2025-11-09 07:24:04
18,NEOBIOTECH-ZIRCONIABLOCKSA12,ZIRCONIABLOCKSA12,zirconia block SA 12,,,3,1,piece,0,10,1,,,2025-11-09 07:24:04,2025-11-10 07:24:04
19,DEPRAG-SHTWHITET18MM,SHTWHITET18MM,SHT white T18mm,,,1,1,piece,0,5,1,,,2025-11-10 07:24:04,2025-11-11 07:24:04
20,DEPRAG-STWHITET12MM,STWHITET12MM,ST White T12mm,,,1,1,piece,0,2,1,,,2025-11-11 07:24:04,2025-11-12 07:24:04
21,DEPRAG-STWHITET16MM,STWHITET16MM,ST White T16mm,,,1,1,piece,0,2,1,,,2025-11-12 07:24:04,2025-11-13 07:24:04
22,DEPRAG-STWHITET18MM,STWHITET18MM,ST White T18mm,,,1,1,piece,0,5,1,,,2025-11-13 07:24:04,2025-11-14 07:24:04
23,DEPRAG-STWHITET22MM,STWHITET22MM,ST White T22mm,,,1,1,piece,0,1,1,,,2025-11-14 07:24:04,2025-11-15 07:24:04
24,DEPRAG-STMLA1T16MM,STMLA1T16MM,ST ML A1 T16mm,,,1,1,piece,0,0,1,,,2025-11-15 07:24:04,2025-11-16 07:24:04
25,DEPRAG-STMLA1T22MM,STMLA1T22MM,ST ML A1 T22mm,,,1,1,piece,0,0,1,,,2025-11-16 07:24:04,2025-11-17 07:24:04
26,DEPRAG-STMLA1T25MM,STMLA1T25MM,ST ML A1 T25mm,,,1,1,piece,0,1,1,,,2025-11-17 07:24:04,2025-11-18 07:24:04
27,DEPRAG-STMLA1T30MM,STMLA1T30MM,ST ML A1 T30mm,,,1,1,piece,0,0,1,,,2025-11-18 07:24:04,2025-11-19 07:24:04
28,DEPRAG-STMLA2T16MM,STMLA2T16MM,ST ML A2 T16mm,,,1,1,piece,0,0,1,,,2025-11-19 07:24:04,2025-11-20 07:24:04
29,DEPRAG-STMLA2T20MM,STMLA2T20MM,ST ML A2 T20mm,,,1,1,piece,0,0,1,,,2025-11-20 07:24:04,2025-11-21 07:24:04
30,DEPRAG-STMLA2T22MM,STMLA2T22MM,ST ML A2 T22mm,,,1,1,piece,0,0,1,,,2025-11-21 07:24:04,2025-11-22 07:24:04
31,DEPRAG-STMLA2T25MM,STMLA2T25MM,ST ML A2 T25mm,,,1,1,piece,0,2,1,,,2025-11-22 07:24:04,2025-11-23 07:24:04
32,DEPRAG-STMLA2T30MM,STMLA2T30MM,ST ML A2 T30mm,,,1,1,piece,0,0,1,,,2025-11-23 07:24:04,2025-11-24 07:24:04
33,DEPRAG-STMLA3T20MM,STMLA3T20MM,ST ML A3 T20mm,,,1,1,piece,0,0,1,,,2025-11-24 07:24:04,2025-11-25 07:24:04
34,DEPRAG-STMLA3T22MM,STMLA3T22MM,ST ML A3 T22mm,,,1,1,piece,0,0,1,,,2025-11-25 07:24:04,2025-11-26 07:24:04
35,DEPRAG-STMLA3T25MM,STMLA3T25MM,ST ML A3 T25mm,,,1,1,piece,0,1,1,,,2025-11-26 07:24:04,2025-11-27 07:24:04
36,DEPRAG-STMLB1T18MM,STMLB1T18MM,ST ML B1 T18mm,,,1,1,piece,0,0,1,,,2025-11-27 07:24:04,2025-11-28 07:24:04
37,DEPRAG-STMLB1T20MM,STMLB1T20MM,ST ML B1 T20mm,,,1,1,piece,0,0,1,,,2025-11-28 07:24:04,2025-11-29 07:24:04
38,DEPRAG-STMLB1T22MM,STMLB1T22MM,ST ML B1 T22mm,,,1,1,piece,0,1,1,,,2025-11-29 07:24:04,2025-11-30 07:24:04
39,TAGLUS-TAGLUSSTRANDARS0.8MM,TAGLUSSTRANDARS0.8MM,Taglus Strandars 0.8mm,,,4,2,piece,0,5,1,,,2025-11-30 07:24:04,2025-12-01 07:24:04
40,HORIFORM-TERMOFORMATURA1.5MM,TERMOFORMATURA1.5MM,TERMOFORMATURA 1.5mm,,,5,2,piece,0,28,1,,,2025-12-01 07:24:04,2025-12-02 07:24:04
41,HORIFORM-TERMOFORMATURA1.0MM,TERMOFORMATURA1.0MM,TERMOFORMATURA 1.0mm,,,5,2,piece,0,18,1,,,2025-12-02 07:24:04,2025-12-03 07:24:04
42,SPLINT-PLAQUES1.5MM,PLAQUES1.5MM,plaques 1.5mm,,,6,2,piece,0,8,1,,,2025-12-03 07:24:04,2025-12-04 07:24:04
43,SPLINT-PLAQUES1.0MM,PLAQUES1.0MM,plaques 1.0mm,,,6,2,piece,0,3,1,,,2025-12-04 07:24:04,2025-12-05 07:24:04
44,DENTAMINE-EMBOUXDENTAMINE,EMBOUXDENTAMINE,Emboux Dentamine,,,7,3,piece,0,300,1,,,2025-12-05 07:24:04,2025-12-06 07:24:04
45,VITA-PMMA,PMMA,pmma,,,8,4,piece,0,3,1,,,2025-12-06 07:24:04,2025-12-07 07:24:04
46,VITA-ENAMELENL,ENAMELENL,enamel ENL,,,8,4,piece,0,3,1,,,2025-12-07 07:24:04,2025-12-08 07:24:04
47,VITA-ENAMELWIN,ENAMELWIN,enamel win,,,8,4,piece,0,2,1,,,2025-12-08 07:24:04,2025-12-09 07:24:04
48,VITA-ENAMELNT,ENAMELNT,enamel NT,,,8,4,piece,0,2,1,,,2025-12-09 07:24:04,2025-12-10 07:24:04
49,VITA-BASEDENTINEA1,BASEDENTINEA1,Base Dentine A1,,,8,4,piece,0,2,1,,,2025-12-10 07:24:04,2025-12-11 07:24:04
50,VITA-BASEDENTINEA2,BASEDENTINEA2,Base Dentine A2,,,8,4,piece,0,1,1,,,2025-12-11 07:24:04,2025-12-12 07:24:04
51,VITA-BASEDENTINEA3,BASEDENTINEA3,Base Dentine A3,,,8,4,piece,0,2,1,,,2025-12-12 07:24:04,2025-12-13 07:24:04
52,VITA-BASEDENTINEA3.5,BASEDENTINEA3.5,Base Dentine A3.5,,,8,4,piece,0,2,1,,,2025-12-13 07:24:04,2025-12-14 07:24:04
53,VITA-BASEDENTINEA4,BASEDENTINEA4,Base Dentine A4,,,8,4,piece,0,1,1,,,2025-12-14 07:24:04,2025-12-15 07:24:04
54,VITA-BASEDENTINEB1,BASEDENTINEB1,Base Dentine B1,,,8,4,piece,0,0,1,,,2025-12-15 07:24:04,2025-12-16 07:24:04
55,VITA-BASEDENTINEB2,BASEDENTINEB2,Base Dentine B2,,,8,4,piece,0,8,1,,,2025-12-16 07:24:04,2025-12-17 07:24:04
56,VITA-BASEDENTINEC1,BASEDENTINEC1,Base Dentine C1,,,8,4,piece,0,4,1,,,2025-12-17 07:24:04,2025-12-18 07:24:04
57,VITA-BASEDENTINEC2,BASEDENTINEC2,Base Dentine C2,,,8,4,piece,0,2,1,,,2025-12-18 07:24:04,2025-12-19 07:24:04
58,VITA-BASEDENTINEA1-VM13,BASEDENTINEA1-VM13,Base Dentine A1,,,9,5,piece,0,3,1,,,2025-12-19 07:24:04,2025-12-20 07:24:04
59,VITA-BASEDENTINEA2-VM13,BASEDENTINEA2-VM13,Base Dentine A2,,,9,5,piece,0,0,1,,,2025-12-20 07:24:04,2025-12-21 07:24:04
60,VITA-BASEDENTINEA3-VM13,BASEDENTINEA3-VM13,Base Dentine A3,,,9,5,piece,0,2,1,,,2025-12-21 07:24:04,2025-12-22 07:24:04
61,VITA-BASEDENTINEB1-VM13,BASEDENTINEB1-VM13,Base Dentine B1,,,9,5,piece,0,3,1,,,2025-12-22 07:24:04,2025-12-23 07:24:04
62,VITA-BASEDENTINEB2-VM13,BASEDENTINEB2-VM13,Base Dentine B2,,,9,5,piece,0,2,1,,,2025-12-23 07:24:04,2025-12-24 07:24:04
63,VITA-BASEDENTINEC1-VM13,BASEDENTINEC1-VM13,Base Dentine C1,,,9,5,piece,0,1,1,,,2025-12-24 07:24:04,2025-12-25 07:24:04
64,VITA-OPAQUEA1,OPAQUEA1,Opaque A1,,,9,5,piece,0,1,1,,,2025-12-25 07:24:04,2025-12-26 07:24:04
65,VITA-OPAQUEA2,OPAQUEA2,Opaque A2,,,9,5,piece,0,1,1,,,2025-12-26 07:24:04,2025-12-27 07:24:04
66,VITA-ENAMELENL-VM13,ENAMELENL-VM13,Enamel ENL,,,9,5,piece,0,4,1,,,2025-12-27 07:24:04,2025-12-28 07:24:04
67,VITA-ENAMELEND,ENAMELEND,Enamel END,,,9,5,piece,0,0,1,,,2025-12-28 07:24:04,2025-12-29 07:24:04
68,VITA-ENAMELNT-VM13,ENAMELNT-VM13,Enamel NT,,,9,5,piece,0,2,1,,,2025-12-29 07:24:04,2025-12-30 07:24:04
69,VITA-ENAMELWIN-VM13,ENAMELWIN-VM13,Enamel WIN,,,9,5,piece,0,1,1,,,2025-12-30 07:24:04,2025-12-31 07:24:04
70,VITA-DENTINE3L1.5,DENTINE3L1.5,Dentine 3 L1.5,,,10,6,piece,0,2,1,,,2025-12-31 07:24:04,2026-01-01 07:24:04
71,VITA-DENTINE2R1.5,DENTINE2R1.5,Dentine 2 R1.5,,,10,6,piece,0,1,1,,,2026-01-01 07:24:04,2026-01-02 07:24:04
72,VITA-DENTINE2R2.5,DENTINE2R2.5,Dentine 2 R2.5,,,10,6,piece,0,1,1,,,2026-01-02 07:24:04,2026-01-03 07:24:04
73,VITA-DENTINE2L2.5,DENTINE2L2.5,Dentine 2 L2.5,,,10,6,piece,0,2,1,,,2026-01-03 07:24:04,2026-01-04 07:24:04
74,VITA-DENTINE3M1,DENTINE3M1,Dentine 3 M1,,,10,6,piece,0,2,1,,,2026-01-04 07:24:04,2026-01-05 07:24:04
75,VITA-DENTINE2M1,DENTINE2M1,Dentine 2 M1,,,10,6,piece,0,2,1,,,2026-01-05 07:24:04,2026-01-06 07:24:04
76,VITA-DENTINE2M3,DENTINE2M3,Dentine 2 M3,,,10,6,piece,0,2,1,,,2026-01-06 07:24:04,2026-01-07 07:24:04
77,VITA-DENTINE3M3,DENTINE3M3,Dentine 3 M3,,,10,6,piece,0,1,1,,,2026-01-07 07:24:04,2026-01-08 07:24:04
78,VITA-OPAQUEOP1,OPAQUEOP1,Opaque OP1,,,10,6,piece,0,2,1,,,2026-01-08 07:24:04,2026-01-09 07:24:04
79,VITA-OPAQUEOP2,OPAQUEOP2,Opaque OP2,,,10,6,piece,0,1,1,,,2026-01-09 07:24:04,2026-01-10 07:24:04
80,VITA-GINGIVAG1(12G),GINGIVAG1(12G),Gingiva G1 (12g),,,10,6,piece,0,1,1,,,2026-01-10 07:24:04,2026-01-11 07:24:04
81,VITA-GINGIVAG4(12G),GINGIVAG4(12G),Gingiva G4 (12g),,,10,6,piece,0,1,1,,,2026-01-11 07:24:04,2026-01-12 07:24:04
82,VITA-GINGIVAG3(12G)-VM13,GINGIVAG3(12G)-VM13,Gingiva G3 (12g),,,9,5,piece,0,4,1,,,2026-01-12 07:24:04,2026-01-13 07:24:04
83,VITA-MAMELONMM1(12G),MAMELONMM1(12G),Mamelon MM1(12g),,,9,5,piece,0,2,1,,,2026-01-13 07:24:04,2026-01-14 07:24:04
84,VITA-MAMELONMM2(12G),MAMELONMM2(12G),Mamelon MM2(12g),,,9,5,piece,0,1,1,,,2026-01-14 07:24:04,2026-01-15 07:24:04
85,VITA-MAMELONMM3(12G),MAMELONMM3(12G),Mamelon MM3(12g),,,9,5,piece,0,2,1,,,2026-01-15 07:24:04,2026-01-16 07:24:04
86,VITA-EFFECTLINEREL2(12G),EFFECTLINEREL2(12G),Effect Liner EL2(12g),,,9,5,piece,0,1,1,,,2026-01-16 07:24:04,2026-01-17 07:24:04
87,VITA-GINGIVAG2(12G),GINGIVAG2(12G),Gingiva G2 (12g),,,8,4,piece,0,2,1,,,2026-01-17 07:24:04,2026-01-18 07:24:04
88,VITA-GINGIVAG3(12G)-VM9,GINGIVAG3(12G)-VM9,Gingiva G3 (12g),,,8,4,piece,0,3,1,,,2026-01-18 07:24:04,2026-01-19 07:24:04
89,VITA-GINGIVAG5(12G),GINGIVAG5(12G),Gingiva G5 (12g),,,8,4,piece,0,1,1,,,2026-01-19 07:24:04,2026-01-20 07:24:04
90,VITA-BASEDENTINE2M3(12G),BASEDENTINE2M3(12G),Base Dentine 2M3 (12g),,,8,4,piece,0,1,1,,,2026-01-20 07:24:04,2026-01-21 07:24:04
91,VITA-MAMELONMM2(12G)-VM9,MAMELONMM2(12G)-VM9,Mamelon MM2 (12g),,,8,4,piece,0,1,1,,,2026-01-21 07:24:04,2026-01-22 07:24:04
92,VITA-EFFECTENAMELEE9(12G),EFFECTENAMELEE9(12G),Effect enamel EE9 (12g),,,8,4,piece,0,1,1,,,2026-01-22 07:24:04,2026-01-23 07:24:04
93,VITA-ADD-ONADD6(12G),ADD-ONADD6(12G),ADD-ON ADD6 (12g),,,8,4,piece,0,1,1,,,2026-01-23 07:24:04,2026-01-24 07:24:04
94,VITA-ADD-ONADD7(12G),ADD-ONADD7(12G),ADD-ON ADD7 (12g),,,8,4,piece,0,1,1,,,2026-01-24 07:24:04,2026-01-25 07:24:04
95,G-CERAM-DENTINEA1,DENTINEA1,Dentine A1,,,11,7,piece,0,4,1,,,2026-01-25 07:24:04,2026-01-26 07:24:04
96,G-CERAM-DENTINEB1,DENTINEB1,Dentine B1,,,11,7,piece,0,2,1,,,2026-01-26 07:24:04,2026-01-27 07:24:04
97,G-CERAM-DENTINEB2,DENTINEB2,Dentine B2,,,11,7,piece,0,1,1,,,2026-01-27 07:24:04,2026-01-28 07:24:04
98,G-CERAM-DENTINEI1,DENTINEI1,Dentine i1,,,11,7,piece,0,5,1,,,2026-01-28 07:24:04,2026-01-29 07:24:04
99,VITA-DENTINE0M3,DENTINE0M3,Dentine 0 M3,,,12,8,piece,0,1,1,,,2026-01-29 07:24:04,2026-01-30 07:24:04
100,VITA-DENTINE0M1,DENTINE0M1,Dentine 0 M1,,,12,8,piece,0,2,1,,,2026-01-30 07:24:04,2026-01-31 07:24:04
101,VITA-DENTINE2R1.5-VITALUMEX,DENTINE2R1.5-VITALUMEX,Dentine 2 R1.5,,,12,8,piece,0,1,1,,,2026-01-31 07:24:04,2026-02-01 07:24:04
102,VITA-ENAMELMEDIUM,ENAMELMEDIUM,Enamel medium,,,12,8,piece,0,3,1,,,2026-02-01 07:24:04,2026-02-02 07:24:04
103,NORITAKIEX-3-ENAMELS1,ENAMELS1,Enamel S1,,,13,9,piece,0,3,1,,,2026-02-02 07:24:04,2026-02-03 07:24:04
104,NORITAKIEX-3-ENAMELS3,ENAMELS3,Enamel S3,,,13,9,piece,0,1,1,,,2026-02-03 07:24:04,2026-02-04 07:24:04
105,NORITAKIEX-3-ESA+(5G),ESA+(5G),ES A+ (5g),,,13,9,piece,0,1,1,,,2026-02-04 07:24:04,2026-02-05 07:24:04
106,NORITAKIEX-3-ESB+(5G),ESB+(5G),ES B+ (5g),,,13,9,piece,0,1,1,,,2026-02-05 07:24:04,2026-02-06 07:24:04
107,NORITAKIEX-3-ESC+(5G),ESC+(5G),ES C+ (5g),,,13,9,piece,0,1,1,,,2026-02-06 07:24:04,2026-02-07 07:24:04
108,NORITAKIEX-3-ESD+(5G),ESD+(5G),ES D+ (5g),,,13,9,piece,0,1,1,,,2026-02-07 07:24:04,2026-02-08 07:24:04
109,NORITAKIEX-3-TRANSLUCENTTX,TRANSLUCENTTX,Translucent TX,,,13,9,piece,0,1,1,,,2026-02-08 07:24:04,2026-02-09 07:24:04
110,NORITAKIEX-3-TRANSLUCENTT0,TRANSLUCENTT0,Translucent T0,,,13,9,piece,0,1,1,,,2026-02-09 07:24:04,2026-02-10 07:24:04
111,NORITAKIEX-3-BODYA2B,BODYA2B,Body A2B,,,13,9,piece,0,1,1,,,2026-02-10 07:24:04,2026-02-11 07:24:04
112,NORITAKIEX-3-BODYA1B,BODYA1B,Body A1B,,,13,9,piece,0,1,1,,,2026-02-11 07:24:04,2026-02-12 07:24:04
113,NORITAKIEX-3-ENAMELE2,ENAMELE2,Enamel E2,,,13,9,piece,0,1,1,,,2026-02-12 07:24:04,2026-02-13 07:24:04
114,NORITAKIEX-3-OPAQUEA1(5G),OPAQUEA1(5G),Opaque A1 (5g),,,13,9,piece,0,1,1,,,2026-02-13 07:24:04,2026-02-14 07:24:04
115,NORITAKIEX-3-OPAQUEA2(5G),OPAQUEA2(5G),Opaque A2 (5g),,,13,9,piece,0,1,1,,,2026-02-14 07:24:04,2026-02-15 07:24:04
116,E.MAX-DENTINE310A3,DENTINE310A3,Dentine 310 A3,,,14,9,piece,0,1,1,,,2026-02-15 07:24:04,2026-02-16 07:24:04
117,E.MAX-DENTINE210B2,DENTINE210B2,Dentine 210 B2,,,14,9,piece,0,1,1,,,2026-02-16 07:24:04,2026-02-17 07:24:04
118,E.MAX-DENTINE140C1,DENTINE140C1,Dentine 140 C1,,,14,9,piece,0,2,1,,,2026-02-17 07:24:04,2026-02-18 07:24:04
119,E.MAX-OPALEFFECT1,OPALEFFECT1,Opal Effect 1,,,14,9,piece,0,1,1,,,2026-02-18 07:24:04,2026-02-19 07:24:04
120,E.MAX-INCISAL1,INCISAL1,Incisal 1,,,14,9,piece,0,1,1,,,2026-02-19 07:24:04,2026-02-20 07:24:04
121,E.MAX-INCISAL3,INCISAL3,Incisal 3,,,14,9,piece,0,3,1,,,2026-02-20 07:24:04,2026-02-21 07:24:04
122,GC-DENTINEB2,DENTINEB2,Dentine B2,,,15,9,piece,0,2,1,,,2026-02-21 07:24:04,2026-02-22 07:24:04
123,GC-DENTINEA3,DENTINEA3,Dentine A3,,,15,9,piece,0,2,1,,,2026-02-22 07:24:04,2026-02-23 07:24:04
124,GC-DENTINEA3.5,DENTINEA3.5,Dentine A3.5,,,15,9,piece,0,1,1,,,2026-02-23 07:24:04,2026-02-24 07:24:04
125,GC-DENTINEA2,DENTINEA2,Dentine A2,,,15,9,piece,0,2,1,,,2026-02-24 07:24:04,2026-02-25 07:24:04
126,GC-ENAMELE-58,ENAMELE-58,Enamel E-58,,,15,9,piece,0,2,1,,,2026-02-25 07:24:04,2026-02-26 07:24:04
127,GC-ENAMELE-59,ENAMELE-59,Enamel E-59,,,15,9,piece,0,1,1,,,2026-02-26 07:24:04,2026-02-27 07:24:04
128,GC-ENAMELOCCLUSALEO-16,ENAMELOCCLUSALEO-16,Enamel Occlusal EO-16,,,15,9,piece,0,1,1,,,2026-02-27 07:24:04,2026-02-28 07:24:04
129,GC-CERVICALTRLUCENTCT-21,CERVICALTRLUCENTCT-21,Cervical TRanslucent CT-21,,,15,9,piece,0,1,1,,,2026-02-28 07:24:04,2026-03-01 07:24:04
130,UNKNOWN-CROUZIPOURCOULLÉ,CROUZIPOURCOULLÉ,Crouzi pour coullé,,,16,10,piece,0,5,1,,,2026-03-01 07:24:04,2026-03-02 07:24:04
131,UNKNOWN-TROUSSE,TROUSSE,Trousse,,,17,11,piece,0,5,1,,,2026-03-02 07:24:04,2026-03-03 07:24:04
132,E.MAX-GLAZEPASTE,GLAZEPASTE,Glaze Paste,,,18,12,piece,0,1,1,,,2026-03-03 07:24:04,2026-03-04 07:24:04
133,VITA-ISOLANTLIQUIDEGLAZELT,ISOLANTLIQUIDEGLAZELT,isolant liquide GLAZE LT,,,19,12,piece,0,9,1,,,2026-03-04 07:24:04,2026-03-05 07:24:04
134,VITA-EFFECTSTAINSES01,EFFECTSTAINSES01,Effect Stains ES01,,,20,13,piece,0,3,1,,,2026-03-05 07:24:04,2026-03-06 07:24:04
135,VITA-EFFECTSTAINSES04,EFFECTSTAINSES04,Effect Stains ES04,,,20,13,piece,0,2,1,,,2026-03-06 07:24:04,2026-03-07 07:24:04
136,VITA-EFFECTSTAINSES05,EFFECTSTAINSES05,Effect Stains ES05,,,20,13,piece,0,2,1,,,2026-03-07 07:24:04,2026-03-08 07:24:04
137,VITA-EFFECTSTAINSES11,EFFECTSTAINSES11,Effect Stains ES11,,,20,13,piece,0,2,1,,,2026-03-08 07:24:04,2026-03-09 07:24:04
138,VITA-POWDERFLUID-VITAAKZENTPLUS-,POWDERFLUID-VITAAKZENTPLUS-,Powder Fluid -Vita Akzent plus-,,,21,14,piece,0,3,1,,,2026-03-09 07:24:04,2026-03-10 07:24:04
139,VITA-ISOLANTLIQUIDE,ISOLANTLIQUIDE,isolant liquide,,,22,15,piece,0,1,1,,,2026-03-10 07:24:04,2026-03-11 07:24:04
140,VITA-VITAFIRINGPASTE,VITAFIRINGPASTE,VITA Firing Paste,,,23,16,piece,0,0,1,,,2026-03-11 07:24:04,2026-03-12 07:24:04
141,NEWDYE-CAST-SUPPORTDIENO.1SILVER,SUPPORTDIENO.1SILVER,support die No.1 Silver,,,24,17,piece,0,1000,1,,,2026-03-12 07:24:04,2026-03-13 07:24:04
142,G-WAX-WAX(PLAQUES),WAX(PLAQUES),wax(plaques),,,26,18,piece,0,0,1,,,2026-03-13 07:24:04,2026-03-14 07:24:04
143,KEMEDENT-WAX(PLAQUES)KEMEDENT,WAX(PLAQUES)KEMEDENT,wax(plaques) Kemedent,,,27,18,piece,0,1,1,,,2026-03-14 07:24:04,2026-03-15 07:24:04
144,GPLATE-GPLATESLC,GPLATESLC,GPLATE SLC,,,28,18,piece,0,49,1,,,2026-03-15 07:24:04,2026-03-16 07:24:04
145,INTERDENT-WAXSCULTURE(70GR),WAXSCULTURE(70GR),wax sculture (70gr),,,29,18,piece,0,1,1,,,2026-03-16 07:24:04,2026-03-17 07:24:04
146,UNKNOWN-BOITEFRAISESDENTAIRES,BOITEFRAISESDENTAIRES,boite fraises dentaires,,,31,19,piece,0,7,1,,,2026-03-17 07:24:04,2026-03-18 07:24:04
147,E.MAX-INGOTSMT-A1,INGOTSMT-A1,ingots MT-A1,,,32,20,piece,0,2,1,,,2026-03-18 07:24:04,2026-03-19 07:24:04
148,E.MAX-INGOTSMT-A2,INGOTSMT-A2,ingots MT-A2,,,32,20,piece,0,3,1,,,2026-03-19 07:24:04,2026-03-20 07:24:04
149,E.MAX-INGOTSLT-A1,INGOTSLT-A1,ingots LT-A1,,,32,20,piece,0,5,1,,,2026-03-20 07:24:04,2026-03-21 07:24:04
150,E.MAX-INGOTSHT-A1,INGOTSHT-A1,ingots HT-A1,,,32,20,piece,0,1,1,,,2026-03-21 07:24:04,2026-03-22 07:24:04
151,E.MAX-INGOTSHT-A2,INGOTSHT-A2,ingots HT-A2,,,32,20,piece,0,2,1,,,2026-03-22 07:24:04,2026-03-23 07:24:04
152,E.MAX-INGOTSMO0,INGOTSMO0,ingots MO 0,,,32,20,piece,0,2,1,,,2026-03-23 07:24:04,2026-03-24 07:24:04
153,GC-INGOTSMT-A1,INGOTSMT-A1,ingots MT-A1,,,33,20,piece,0,1,1,,,2026-03-24 07:24:04,2026-03-25 07:24:04
154,GC-INGOTSMT-A2,INGOTSMT-A2,ingots MT-A2,,,33,20,piece,0,1,1,,,2026-03-25 07:24:04,2026-03-26 07:24:04
155,GC-INGOTSHT-E58,INGOTSHT-E58,ingots HT-E58,,,33,20,piece,0,1,1,,,2026-03-26 07:24:04,2026-03-27 07:24:04
156,IVOCLARVIVADENT-KITTALONAGE,KITTALONAGE,KIT talonage,,,35,21,piece,0,5,1,,,2026-03-27 07:24:04,2026-03-28 07:24:04
157,RENFERT-BI-V-PIN,BI-V-PIN,BI-V-Pin,,,25,17,piece,0,100,1,,,2026-03-28 07:24:04,2026-03-29 07:24:04
158,UNKNOWN-TIGECIRE,TIGECIRE,tige cire,,,36,22,piece,0,4,1,,,2026-03-29 07:24:04,2026-03-30 07:24:04
159,ARCCO-CIREDENTAIRE,CIREDENTAIRE,cire dentaire,,,37,22,piece,0,0,1,,,2026-03-30 07:24:04,2026-03-31 07:24:04
160,RENFERT-SABLE,SABLE,sable,,,38,23,piece,0,1,1,,,2026-03-31 07:24:04,2026-04-01 07:24:04
161,UNKNOWN-BAVETTES,BAVETTES,bavettes,,,39,24,piece,0,83,1,,,2026-04-01 07:24:04,2026-04-02 07:24:04
162,BEGOSOL-LIQUEDEDEREVÉMENTBEGOSOL,LIQUEDEDEREVÉMENTBEGOSOL,liquide de revétement Begosol,,,40,25,piece,0,7,1,,,2026-04-02 07:24:04,2026-04-03 07:24:04
163,EXPASOL-LIQUEDEDEREVÉMENTEXPASOL,LIQUEDEDEREVÉMENTEXPASOL,liquide de revétement Expasol,,,41,25,piece,0,1,1,,,2026-04-03 07:24:04,2026-04-04 07:24:04
164,VITA-LIQUIDEOPAQUEFLUID,LIQUIDEOPAQUEFLUID,liquide opaque fluid,,,42,26,piece,0,1,1,,,2026-04-04 07:24:04,2026-04-05 07:24:04
165,VITA-VITABLOCSA1C,VITABLOCSA1C,vita blocs A1C,,,43,27,piece,0,29,1,,,2026-04-05 07:24:04,2026-04-06 07:24:04
166,VITA-VITABLOCSA3C,VITABLOCSA3C,vita blocs A3C,,,43,27,piece,0,22,1,,,2026-04-06 07:24:04,2026-04-07 07:24:04
167,VITA-VITASUPRINITYA2-T,VITASUPRINITYA2-T,vita suprinity A2-T,,,43,27,piece,0,25,1,,,2026-04-07 07:24:04,2026-04-08 07:24:04
168,LEONGY-WAXDISKWHITE-20MM,WAXDISKWHITE-20MM,waxdisk white -20mm,,,30,18,piece,0,1,1,,,2026-04-08 07:24:04,2026-04-09 07:24:04
169,UPCERA-WAXDISKWHITE-20MM,WAXDISKWHITE-20MM,waxdisk white -20mm,,,30,18,piece,0,1,1,,,2026-04-09 07:24:04,2026-04-10 07:24:04
170,POLYWAX-PMMA18MM,PMMA18MM,pmma 18mm,,,44,28,piece,0,8,1,,,2026-04-10 07:24:04,2026-04-11 07:24:04
171,UPCERA-PMMAA1-20MM,PMMAA1-20MM,pmma A1 -20mm,,,45,28,piece,0,0,1,,,2026-04-11 07:24:04,2026-04-12 07:24:04
172,UPCERA-PMMAA2-20MM,PMMAA2-20MM,pmma A2 -20mm,,,45,28,piece,0,5,1,,,2026-04-12 07:24:04,2026-04-13 07:24:04
173,DEPRAG-MULTILAYERPMMMAA120MM,MULTILAYERPMMMAA120MM,MULTILAYER PMMA A1 20mm,,,46,28,piece,0,16,1,,,2026-04-13 07:24:04,2026-04-14 07:24:04
174,DEPRAG-MULTILAYERPMMMAA122MM,MULTILAYERPMMMAA122MM,MULTILAYER PMMA A1 22mm,,,46,28,piece,0,12,1,,,2026-04-14 07:24:04,2026-04-15 07:24:04
175,DEPRAG-MULTILAYERPMMMAA125MM,MULTILAYERPMMMAA125MM,MULTILAYER PMMA A1 25mm,,,46,28,piece,0,18,1,,,2026-04-15 07:24:04,2026-04-16 07:24:04
176,DEPRAG-CONSUMPTIONS,CONSUMPTIONS,consumptions,,,46,28,piece,0,8,1,,,2026-04-16 07:24:04,2026-04-17 07:24:04
177,DEPRAG-MULTILAYERPMMMAA322MM,MULTILAYERPMMMAA322MM,MULTILAYER PMMA A3 22mm,,,46,28,piece,0,11,1,,,2026-04-17 07:24:04,2026-04-18 07:24:04
178,DEPRAG-MULTILAYERPMMMAA325MM,MULTILAYERPMMMAA325MM,MULTILAYER PMMA A3 25mm,,,46,28,piece,0,14,1,,,2026-04-18 07:24:04,2026-04-19 07:24:04
179,DEPRAG-PMMAA2/V-PINKCFULLDENTURE,PMMAA2/V-PINKCFULLDENTURE,PMMA A2/V-Pink C Full Denture,,,46,28,piece,0,2,1,,,2026-04-19 07:24:04,2026-04-20 07:24:04
180,INTERDENT-MAGNUMCERAMICS(1KG),MAGNUMCERAMICS(1KG),Magnum Ceramic S (1kg),,,47,29,piece,0,12,1,,,2026-04-20 07:24:04,2026-04-21 07:24:04
181,MESA-I-BOND02(1KG),I-BOND02(1KG),I - BOND 02 (1kg),,,48,29,piece,0,133,1,,,2026-04-21 07:24:04,2026-04-22 07:24:04
182,UNKNOWN-METAL(DISC)16MM,METAL(DISC)16MM,Metal (Disc) 16mm,,,49,29,piece,0,2,1,,,2026-04-22 07:24:04,2026-04-23 07:24:04
183,UNKNOWN-METAL(DISC)12MM,METAL(DISC)12MM,Metal (Disc) 12mm,,,49,29,piece,0,3,1,,,2026-04-23 07:24:04,2026-04-24 07:24:04
184,DEPRAG-NOVAPRESSINGOT,NOVAPRESSINGOT,Nova Press Ingot,,,34,20,piece,0,9,1,,,2026-04-24 07:24:04,2026-04-25 07:24:04
185,DEPRAG-NOVA(DENTALLITHIUMDISLICATEGLASSCERAMIC),NOVA(DENTALLITHIUMDISLICATEGLASSCERAMIC),Nova ( Dental Lithium Dislicate glass ceramic),,,34,20,piece,0,24,1,,,2026-04-25 07:24:04,2026-04-26 07:24:04
186,KOANAN-XLBLACKC-270,XLBLACKC-270,XL BLACK C-270,,,50,30,piece,0,2,1,,,2026-04-26 07:24:04,2026-04-27 07:24:04
187,KOANAN-XLBLACKC-271,XLBLACKC-271,XL BLACK C-271,,,50,30,piece,0,3,1,,,2026-04-27 07:24:04,2026-04-28 07:24:04
188,KOANAN-BLACK271XL,BLACK271XL,BLACK 271XL,,,50,30,piece,0,3,1,,,2026-04-28 07:24:04,2026-04-29 07:24:04
189,WIPPRINT-INKCARTRIDGEKCMY,INKCARTRIDGEKCMY,Ink Cartridge KCMY,,,51,30,piece,0,3,1,,,2026-04-29 07:24:04,2026-04-30 07:24:04
190,XILGUM-GINGIVALMASK,GINGIVALMASK,Gingival Mask,,,52,31,piece,0,1,1,,,2026-04-30 07:24:04,2026-05-01 07:24:04
191,SMILEPEEK-PEEK(DISCFORCAD/CAM98.5MM),PEEK(DISCFORCAD/CAM98.5MM),Peek (Disc for CAD/CAM 98.5mm),,,53,32,piece,0,0,1,,,2026-05-01 07:24:04,2026-05-02 07:24:04
192,GRAPHY-TERAHARZDENTURE,TERAHARZDENTURE,Tera Harz Denture,,,54,33,piece,0,3,1,,,2026-05-02 07:24:04,2026-05-03 07:24:04
193,GRAPHY-TERAHARZ(PERFORMEDCROWN&BRIDGE),TERAHARZ(PERFORMEDCROWN&BRIDGE),Tera Harz (performed crown & bridge),,,55,34,piece,0,1,1,,,2026-05-03 07:24:04,2026-05-04 07:24:04
194,SLYPRO-DENTALCASTINGRESIN(GREEN)500G(CCM),DENTALCASTINGRESIN(GREEN)500G(CCM),Dental Casting Resin (Green) 500g (ccm),,,56,35,piece,0,0,1,,,2026-05-04 07:24:04,2026-05-05 07:24:04
195,SLYPRO-STANDARTPLUSUVRESIN(1KG),STANDARTPLUSUVRESIN(1KG),Standart Plus UV Resin (1kg),,,56,35,piece,0,1,1,,,2026-05-05 07:24:04,2026-05-06 07:24:04
196,SLYPRO-TEMPORARYCROWN&BRIDGE(A1),TEMPORARYCROWN&BRIDGE(A1),Temporary crown & bridge ( A1),,,56,35,piece,0,2,1,,,2026-05-06 07:24:04,2026-05-07 07:24:04
197,ACCUFAB-TRYINA1,TRYINA1,Try In A1,,,57,35,piece,0,1,1,,,2026-05-07 07:24:04,2026-05-08 07:24:04
198,UNKNOWN-RESINFORFLEXIBLE,RESINFORFLEXIBLE,Resin for Flexible,,,58,35,piece,0,1,1,,,2026-05-08 07:24:04,2026-05-09 07:24:04
199,SLYPRO-SURGICALGUIDERESIN500G,SURGICALGUIDERESIN500G,Surgical Guide Resin 500g,,,56,35,piece,0,0,1,,,2026-05-09 07:24:04,2026-05-10 07:24:04
200,TRIDEX-DENTALMODELRESINGRAY1KG,DENTALMODELRESINGRAY1KG,dental model resin Gray 1kg,,,59,35,piece,0,1,1,,,2026-05-10 07:24:04,2026-05-11 07:24:04
201,TRIDEX-DENTALMODELRESINBEIGE1KG,DENTALMODELRESINBEIGE1KG,dental model resin Beige 1kg,,,59,35,piece,0,0,1,,,2026-05-11 07:24:04,2026-05-12 07:24:04
202,SHINNING3D-RESINSHINNING,RESINSHINNING,Resin shinning,,,60,35,piece,0,1,1,,,2026-05-12 07:24:04,2026-05-13 07:24:04
203,SLYPRO-GINGIVAMASKRESINPINK,GINGIVAMASKRESINPINK,Gingiva Mask Resin Pink,,,56,35,piece,0,2,1,,,2026-05-13 07:24:04,2026-05-14 07:24:04
204,ANYCUBIC-ANYCUBICSTANDARDRESINLIGHTBEIGE1KG,ANYCUBICSTANDARDRESINLIGHTBEIGE1KG,Anycubic Standard Resin Light Beige 1kg,,,61,35,piece,0,0,1,,,2026-05-14 07:24:04,2026-05-15 07:24:04
205,ANYCUBIC-ANYCUBICSTANDARDRESINWHITE1KG,ANYCUBICSTANDARDRESINWHITE1KG,Anycubic Standard Resin White 1kg,,,61,35,piece,0,0,1,,,2026-05-15 07:24:04,2026-05-16 07:24:04
206,ANYCUBIC-ANYCUBICSTANDARDRESINGRAY1KG,ANYCUBICSTANDARDRESINGRAY1KG,Anycubic Standard Resin Gray 1kg,,,61,35,piece,0,3,1,,,2026-05-16 07:24:04,2026-05-17 07:24:04
207,ACCUFAB-SHININGDM03,SHININGDM03,SHINING DM03,,,57,35,piece,0,2,1,,,2026-05-17 07:24:04,2026-05-18 07:24:04
208,UNKNOWN-CABLEINTERNET,CABLEINTERNET,Cable Internet,,,62,36,piece,0,2,1,,,2026-05-18 07:24:04,2026-05-19 07:24:04
209,RESISTA-DISCHIABRASIVI(DISQUEMARRON),DISCHIABRASIVI(DISQUEMARRON),Dischi Abrasivi (Disque Marron),,,63,37,piece,0,45,1,,,2026-05-19 07:24:04,2026-05-20 07:24:04
210,UNKNOWN-DISQUECÉRAMIQUE,DISQUECÉRAMIQUE,Disque céramique,,,64,38,piece,0,5,1,,,2026-05-20 07:24:04,2026-05-21 07:24:04
211,BELLAVESTSH-REVETEMENT,REVETEMENT,Revetement,,,65,39,piece,0,124,1,,,2026-05-21 07:24:04,2026-05-22 07:24:04
212,INTERDENT-REVETEMENTINTERDENT,REVETEMENTINTERDENT,Revetement Interdent,,,66,39,piece,0,48,1,,,2026-05-22 07:24:04,2026-05-23 07:24:04
213,BBMEDICAL-EAUDISTILLE(5L),EAUDISTILLE(5L),Eau Distille (5L),,,67,40,piece,0,4,1,,,2026-05-23 07:24:04,2026-05-24 07:24:04
214,SDI-GINGIVALBARRIER,GINGIVALBARRIER,gingival barrier,,,68,41,piece,0,6,1,,,2026-05-24 07:24:04,2026-05-25 07:24:04
215,DMG-SERINGEGINGIVA(IMPLANTS),SERINGEGINGIVA(IMPLANTS),seringe gingiva (implants),,,69,42,piece,0,14,1,,,2026-05-25 07:24:04,2026-05-26 07:24:04
216,NEOBIOTECH-ISBKH14NBDISTIBLOCKSIZE14,ISBKH14NBDISTIBLOCKSIZE14,ISBKH14NBD IS Ti Block size 14,,,70,43,piece,0,146,1,,,2026-05-26 07:24:04,2026-05-27 07:24:04
217,NEOBIOTECH-ISBKH10NBDISTIBLOCKSIZE10,ISBKH10NBDISTIBLOCKSIZE10,ISBKH10NBD IS Ti Block size 10,,,70,43,piece,0,12,1,,,2026-05-27 07:24:04,2026-05-28 07:24:04
218,UNKNOWN-PLATRETYPE4,PLATRETYPE4,Platre Type 4,,,71,44,piece,0,1,1,,,2026-05-28 07:24:04,2026-05-29 07:24:04
219,UNKNOWN-PLATRETYPE3,PLATRETYPE3,Platre Type 3,,,71,44,piece,0,1,1,,,2026-05-29 07:24:04,2026-05-30 07:24:04
220,UNKNOWN-AUTOMATISCHESTEMPERATURE,AUTOMATISCHESTEMPERATURE,Automatisches Temperature,,,72,45,piece,0,2,1,,,2026-05-30 07:24:04,2026-05-31 07:24:04
221,UNKNOWN-MUAS14MULTIUNITABUTMENTCYLINDERSCREW,MUAS14MULTIUNITABUTMENTCYLINDERSCREW,MUAS14 Multi Unit Abutment Cylinder Screw,,,73,46,piece,0,30,1,,,2026-05-31 07:24:04,2026-06-01 07:24:04
222,MESA-MAGNUMHYPERONETITANIUM20MM,MAGNUMHYPERONETITANIUM20MM,Magnum Hyperone Titanium 20mm,,,48,29,piece,0,1,1,,,2026-06-01 07:24:04,2026-06-02 07:24:04
223,MESA-MAGNUMHYPERONETITANIUM18MM,MAGNUMHYPERONETITANIUM18MM,Magnum Hyperone Titanium 18mm,,,48,29,piece,0,0,1,,,2026-06-02 07:24:04,2026-06-03 07:24:04
224,MESA-MAGNUMHYPERONETITANIUM14MM,MAGNUMHYPERONETITANIUM14MM,Magnum Hyperone Titanium 14mm,,,48,29,piece,0,0,1,,,2026-06-03 07:24:04,2026-06-04 07:24:04
225,MESA-MAGNUMHYPERONETITANIUM16MM,MAGNUMHYPERONETITANIUM16MM,Magnum Hyperone Titanium 16mm,,,48,29,piece,0,1,1,,,2026-06-04 07:24:04,2026-06-05 07:24:04
226,NEOBIOTECH-ANALOGSGISLA400PRICE:3000DA,ANALOGSGISLA400PRICE:3000DA,Analog SGISLA400 Price : 3000DA,,,74,47,piece,0,30,1,,,2026-06-05 07:24:04,2026-06-06 07:24:04
227,NEOBIOTECH-ANALOGSGISLA500PRICE:3000DA,ANALOGSGISLA500PRICE:3000DA,Analog SGISLA500 Price : 3000DA,,,74,47,piece,0,4,1,,,2026-06-06 07:24:04,2026-06-07 07:24:04
228,SHINNING3D-PLATEAUSHINNING3D,PLATEAUSHINNING3D,Plateau Shinning 3D,,,75,48,piece,0,0,1,,,2026-06-07 07:24:04,2026-06-08 07:24:04
229,DEPRAG-W52MILLINGBURSZIRCONIAT2,W52MILLINGBURSZIRCONIAT2,W52 Milling Burs Zirconia T2,,,76,49,piece,0,3,1,,,2026-06-08 07:24:04,2026-06-09 07:24:04
230,DEPRAG-W52MILLINGBURSZIRCONIAT1,W52MILLINGBURSZIRCONIAT1,W52 Milling Burs Zirconia T1,,,76,49,piece,0,3,1,,,2026-06-09 07:24:04,2026-06-10 07:24:04
231,DEPRAG-W52MILLINGBURSZIRCONIAT4,W52MILLINGBURSZIRCONIAT4,W52 Milling Burs Zirconia T4,,,76,49,piece,0,1,1,,,2026-06-10 07:24:04,2026-06-11 07:24:04
232,DEPRAG-W52MILLINGBURSZIRCONIAT5,W52MILLINGBURSZIRCONIAT5,W52 Milling Burs Zirconia T5,,,76,49,piece,0,1,1,,,2026-06-11 07:24:04,2026-06-12 07:24:04
233,DEPRAG-W52MILLINGBURSRESINT6,W52MILLINGBURSRESINT6,W52 Milling Burs Resin T6,,,76,49,piece,0,1,1,,,2026-06-12 07:24:04,2026-06-13 07:24:04
234,DEPRAG-W52MILLINGBURSRESINT9,W52MILLINGBURSRESINT9,W52 Milling Burs Resin T9,,,76,49,piece,0,1,1,,,2026-06-13 07:24:04,2026-06-14 07:24:04
235,DEPRAG-W52MILLINGBURSRESINT8,W52MILLINGBURSRESINT8,W52 Milling Burs Resin T8,,,76,49,piece,0,1,1,,,2026-06-14 07:24:04,2026-06-15 07:24:04
236,DEPRAG-W52MILLINGBURSTITANIUMT8,W52MILLINGBURSTITANIUMT8,W52 Milling Burs Titanium T8,,,76,49,piece,0,1,1,,,2026-06-15 07:24:04,2026-06-16 07:24:04
237,DEPRAG-W52MILLINGBURSGLASSCÉRAMICT15,W52MILLINGBURSGLASSCÉRAMICT15,W52 Milling Burs Glass Céramic T15,,,76,49,piece,0,0,1,,,2026-06-16 07:24:04,2026-06-17 07:24:04
238,DEPRAG-W52MILLINGBURSGLASSCÉRAMICT17,W52MILLINGBURSGLASSCÉRAMICT17,W52 Milling Burs Glass Céramic T17,,,76,49,piece,0,0,1,,,2026-06-17 07:24:04,2026-06-18 07:24:04
239,DEPRAG-W52MILLINGBURSZIRCONIAT3,W52MILLINGBURSZIRCONIAT3,W52 Milling Burs Zirconia T3,,,76,49,piece,0,2,1,,,2026-06-18 07:24:04,2026-06-19 07:24:04
240,DEPRAG-D52MILLINGBURSZIRCONIAT3,D52MILLINGBURSZIRCONIAT3,D52 Milling Burs Zirconia T3,,,76,49,piece,0,0,1,,,2026-06-19 07:24:04,2026-06-20 07:24:04
241,GOT-BOITES15X17X7,BOITES15X17X7,Boites 15x17x7,,,77,50,piece,0,144,1,,,2026-06-20 07:24:04,2026-06-21 07:24:04
242,GOT-BOITES15X10X7,BOITES15X10X7,Boites 15x10x7,,,77,50,piece,0,92,1,,,2026-06-21 07:24:04,2026-06-22 07:24:04
243,UNKNOWN-BOITES,BOITES,Boites,,,77,50,piece,0,31,1,,,2026-06-22 07:24:04,2026-06-23 07:24:04
244,UNKNOWN-PIÉCEAMAINSAEYANG,PIÉCEAMAINSAEYANG,Piéce a main Saeyang,,,17,11,piece,0,1,1,,,2026-06-23 07:24:04,2026-06-24 07:24:04
245,POLYWAX-CAD-CAMWAXBLANK18MM,CAD-CAMWAXBLANK18MM,CAD-CAM Wax Blank 18mm,,,30,18,piece,0,18,1,,,2026-06-24 07:24:04,2026-06-25 07:24:04
